Caleb Webster,caleb_webster,caleb_webster@correo.com,Lw8jc7qat7Qq
Esmeralda Morris,esmeralda_morris,esmeralda_morris@correo.com,0SRB5f75JFnr
Benny Connor,benny_connor,benny_connor@correo.com,3d5JvruV5xM4
Logan Donovan,logan_donovan,logan_donovan@correo.com,x27hP6Dr7MMy
Norah Becker,norah_becker,norah_becker@correo.com,N08ACo3258Q8
Denny Anderson,denny_anderson,denny_anderson@correo.com,OHf336glxrEg
Jocelyn Eagle,jocelyn_eagle,jocelyn_eagle@correo.com,EdWncgT1liJm
Gina Connor,gina_connor,gina_connor@correo.com,8dWf47wm8lB8
Aeris Oliver,aeris_oliver,aeris_oliver@correo.com,Pjtga88B048G
Lindsay Butler,lindsay_butler,lindsay_butler@correo.com,lLV1NH7c7C14
Regina Terry,regina_terry,regina_terry@correo.com,PNCarKk7tX6H
Joseph Clark,joseph_clark,joseph_clark@correo.com,3biz47gYtrb4
Rocco Wright,rocco_wright,rocco_wright@correo.com,0C63xv6mUz4b
Rachael Bishop,rachael_bishop,rachael_bishop@correo.com,WlqM2f2Zsbjv
Jessica Fulton,jessica_fulton,jessica_fulton@correo.com,8vRJBH0E8piJ
Anthony Martin,anthony_martin,anthony_martin@correo.com,SDc3B1nIR78c
Kurt Nelson,kurt_nelson,kurt_nelson@correo.com,665jco246G1Q
Fred Johnson,fred_johnson,fred_johnson@correo.com,DauKN3q0uC4E
Matthew Wheeler,matthew_wheeler,matthew_wheeler@correo.com,2eCPLnW180S3
Barry Wheeler,barry_wheeler,barry_wheeler@correo.com,48lVZq8Aa30n
Summer Wren,summer_wren,summer_wren@correo.com,wQZ4CgU8sH37
Evelynn Strong,evelynn_strong,evelynn_strong@correo.com,iy7v0jzqSF5k
George Garner,george_garner,george_garner@correo.com,tsr54bH0e364
Anthony Briggs,anthony_briggs,anthony_briggs@correo.com,d0AMMdGQs5ne
Elise Mason,elise_mason,elise_mason@correo.com,a5LEgyF10YYK
Andie Cameron,andie_cameron,andie_cameron@correo.com,C3MUA5edi45G
Clarissa Shea,clarissa_shea,clarissa_shea@correo.com,aB0ew060izfh
Macy Brown,macy_brown,macy_brown@correo.com,Zs5HM06E57uJ
Sienna Robinson,sienna_robinson,sienna_robinson@correo.com,gs7hd7UxYtD7
Jack Barrett,jack_barrett,jack_barrett@correo.com,ylB4557AcY5r
