Gwen Whinter,gwen_whinter,gwen_whinter@correo.com,Wsd3lUCnI1Hn
Rosie Baker,rosie_baker,rosie_baker@correo.com,vVm15Ld7A47U
Jade Little,jade_little,jade_little@correo.com,C6vLyk5qlAOw
Nancy Hill,nancy_hill,nancy_hill@correo.com,mqG1rfdp2Lqk
Harvey Trent,harvey_trent,harvey_trent@correo.com,0UsC1FM47Rvm
Miriam King,miriam_king,miriam_king@correo.com,tj78mTZff4GT
Rufus Wilson,rufus_wilson,rufus_wilson@correo.com,ct5f183O8NXi
Rufus Hopkins,rufus_hopkins,rufus_hopkins@correo.com,erG3p11O1135
Barry Morrison,barry_morrison,barry_morrison@correo.com,70fRKuKML6u2
Ryan Dubois,ryan_dubois,ryan_dubois@correo.com,nMdSi0AxJRS6
Felicity Smith,felicity_smith,felicity_smith@correo.com,MMd2Hj2A0sZA
Abdul Rainford,abdul_rainford,abdul_rainford@correo.com,K5nXLj0iEX0o
Leslie Uttley,leslie_uttley,leslie_uttley@correo.com,2Yki871x18n0
Russel Drew,russel_drew,russel_drew@correo.com,8JVGAERwKn02
Benjamin Jones,benjamin_jones,benjamin_jones@correo.com,BFk3V2P3k40U
Johnny Tyrrell,johnny_tyrrell,johnny_tyrrell@correo.com,TY1nf145DUm0
Rose Rowlands,rose_rowlands,rose_rowlands@correo.com,HeA78ap82FXZ
Matthew Doherty,matthew_doherty,matthew_doherty@correo.com,n71aD4I54rw2
William Plant,william_plant,william_plant@correo.com,txappunwMozG
Karla Buckley,karla_buckley,karla_buckley@correo.com,b20PFY21e750
Deborah Gray,deborah_gray,deborah_gray@correo.com,tBrQG7PqUlzK
Roger Seymour,roger_seymour,roger_seymour@correo.com,1L4K5lzr5QdO
Nick Noach,nick_noach,nick_noach@correo.com,Km1Qf704SXL0
Aileen Verdon,aileen_verdon,aileen_verdon@correo.com,EjND3KsL0U1S
Regina Stewart,regina_stewart,regina_stewart@correo.com,G7wcGId6B4pg
Denis Pearson,denis_pearson,denis_pearson@correo.com,OcpsdpBc7jWD
Felicity Thompson,felicity_thompson,felicity_thompson@correo.com,hwfwq4CE5lvi
Cassandra Locke,cassandra_locke,cassandra_locke@correo.com,p6530Mp7Q7I3
Rick Calderwood,rick_calderwood,rick_calderwood@correo.com,7pv5vzFdSrW7
Alex Cooper,alex_cooper,alex_cooper@correo.com,0CHd81xAz3Ce
Jacqueline Hobson,jacqueline_hobson,jacqueline_hobson@correo.com,5Q28Lq66gVpq
Sebastian Garcia,sebastian_garcia,sebastian_garcia@correo.com,Eq455NS6bc1Z
Mason Shaw,mason_shaw,mason_shaw@correo.com,i166FmWroNd3
Sydney Dallas,sydney_dallas,sydney_dallas@correo.com,0J71rpVJuUJY
Aiden Uttridge,aiden_uttridge,aiden_uttridge@correo.com,BSAS1X4wKl1d
Martha Mitchell,martha_mitchell,martha_mitchell@correo.com,7rZ4Q58Z15c5
Violet Ryan,violet_ryan,violet_ryan@correo.com,X3d6hlc5cxjm
Estrella Vaughn,estrella_vaughn,estrella_vaughn@correo.com,871MNr6SL3GH
Mina Oswald,mina_oswald,mina_oswald@correo.com,vXsAnDAXMBWL
Julian Vass,julian_vass,julian_vass@correo.com,UiosCQZx4TL8
Mabel Butler,mabel_butler,mabel_butler@correo.com,OdQ7SFlHFTi5
Noah Andrews,noah_andrews,noah_andrews@correo.com,V7Qjpp6ABVx6
Benny Spencer,benny_spencer,benny_spencer@correo.com,BTb58clO32b2
Doug Swan,doug_swan,doug_swan@correo.com,DsLbdCqATgAO
Leanne Vince,leanne_vince,leanne_vince@correo.com,fQT5UZ6xng3f
Mackenzie Preston,mackenzie_preston,mackenzie_preston@correo.com,4VhAsnBF6f2i
Rihanna Fulton,rihanna_fulton,rihanna_fulton@correo.com,02Syj6fQa2wP
Hayden Eyres,hayden_eyres,hayden_eyres@correo.com,872B27AILRg6
Natalie Radley,natalie_radley,natalie_radley@correo.com,etkcn32717l5
Catherine Burnley,catherine_burnley,catherine_burnley@correo.com,0cM3R2qDLnMR
Leah Noon,leah_noon,leah_noon@correo.com,a1Z7R3KugP5U
Carissa Thompson,carissa_thompson,carissa_thompson@correo.com,o2NvtRIw01we
Phillip Grant,phillip_grant,phillip_grant@correo.com,FK5j8Q65J2PU
Susan Doherty,susan_doherty,susan_doherty@correo.com,5O1354tkGwj4
Aleksandra Warren,aleksandra_warren,aleksandra_warren@correo.com,Ml54id66vOL6
Tom Strong,tom_strong,tom_strong@correo.com,CFSQsilw73Lz
Mya Uddin,mya_uddin,mya_uddin@correo.com,R6NKIFsU86Lx
Joy Plant,joy_plant,joy_plant@correo.com,HX2anOuB08My
Mason Tate,mason_tate,mason_tate@correo.com,7o5U65lqw836
Angelina Dixon,angelina_dixon,angelina_dixon@correo.com,5ecVqldvlGJb
Angela Graham,angela_graham,angela_graham@correo.com,5gaIxXUz3pVL
Ember Kent,ember_kent,ember_kent@correo.com,7tTc23VBKLcn
Ivy Harrington,ivy_harrington,ivy_harrington@correo.com,G2mwxRhS0HNG
Johnathan Bell,johnathan_bell,johnathan_bell@correo.com,sRVLIT2V2YQ6
Henry Smith,henry_smith,henry_smith@correo.com,oVo7u1Qi4gpw
Jacob Saunders,jacob_saunders,jacob_saunders@correo.com,UL2knE6WU22H
Johnathan Strong,johnathan_strong,johnathan_strong@correo.com,E14nngh55X0i
Joyce Baker,joyce_baker,joyce_baker@correo.com,8lQI1Mb3yJg2
Rufus Cooper,rufus_cooper,rufus_cooper@correo.com,6LhbFaxyX8g5
Bree Simpson,bree_simpson,bree_simpson@correo.com,F4b44kbA7Ltu
Jocelyn Morrow,jocelyn_morrow,jocelyn_morrow@correo.com,1g4VA3UJ61zX
Zoe Kaur,zoe_kaur,zoe_kaur@correo.com,Ghfu7V8oG64C
Barney Hunt,barney_hunt,barney_hunt@correo.com,d1RIE4LRZ508
Ruth Ellery,ruth_ellery,ruth_ellery@correo.com,5MnpcdqJGz81
Alexa Osmond,alexa_osmond,alexa_osmond@correo.com,y17CRgY8iNq6
Nicholas Allen,nicholas_allen,nicholas_allen@correo.com,54r01u85i3eK
Ramon Varndell,ramon_varndell,ramon_varndell@correo.com,74B6c70Ge11c
Sienna Bennett,sienna_bennett,sienna_bennett@correo.com,ijb77oKZIljh
Keira Strong,keira_strong,keira_strong@correo.com,YIVM5FaJ532z
Kenzie Goodman,kenzie_goodman,kenzie_goodman@correo.com,KwA68fOd878I
Ryan Walsh,ryan_walsh,ryan_walsh@correo.com,TPu7VL4H3124
Mandy Button,mandy_button,mandy_button@correo.com,d42y0MI7jJR5
Hannah Myatt,hannah_myatt,hannah_myatt@correo.com,0o8K4wiSJv4k
Marie Jarrett,marie_jarrett,marie_jarrett@correo.com,PMC2Rm475hxU
Julius Griffiths,julius_griffiths,julius_griffiths@correo.com,15TldK0270iY
Harvey Savage,harvey_savage,harvey_savage@correo.com,dbdtj5ALUffR
Denny Steer,denny_steer,denny_steer@correo.com,KdWuqn0rEYu3
Denny Bowen,denny_bowen,denny_bowen@correo.com,Jg8887jYZ0UA
Martin Richards,martin_richards,martin_richards@correo.com,3l641LL5EpzT
Doug Speed,doug_speed,doug_speed@correo.com,50HsLaJOek47
Russel Hunter,russel_hunter,russel_hunter@correo.com,ye13OnhL7h76
Chuck Lyon,chuck_lyon,chuck_lyon@correo.com,yquV6HATVFoe
Katelyn Keys,katelyn_keys,katelyn_keys@correo.com,yxEM7ZSNASFO
Dorothy Nash,dorothy_nash,dorothy_nash@correo.com,wLm818HmFy2O
Danny Bennett,danny_bennett,danny_bennett@correo.com,7YN6w5RWrNkN
Paula Gonzales,paula_gonzales,paula_gonzales@correo.com,IB827eN3WZeo
Chad Gavin,chad_gavin,chad_gavin@correo.com,z1Ozc2XxAh3Y
Kimberly Torres,kimberly_torres,kimberly_torres@correo.com,vpLKzen35xQI
Alma Reading,alma_reading,alma_reading@correo.com,qCEEfMmE65k1
John Weatcroft,john_weatcroft,john_weatcroft@correo.com,WpC3w2EpPpJ3
